{"cameraMode":{"drawMode":0,"name":"Shaded","section":"Shading Mode"},"sceneLighting":true,"audioPlay":false,"sceneViewState":{"m_AlwaysRefresh":false,"showFog":true,"showSkybox":true,"showFlares":true,"showImageEffects":false,"showParticleSystems":true,"showVisualEffectGraphs":true,"m_FxEnabled":true},"in2DMode":false,"pivot":{"x":34.548824310302737,"y":-7.414394855499268,"z":40.74260330200195},"rotation":{"x":0.5541881918907166,"y":-0.004994264803826809,"z":0.003325166879221797,"w":0.832371711730957},"size":42.740299224853519,"orthographic":false}