{"cameraMode":{"drawMode":0,"name":"Shaded","section":"Shading Mode"},"sceneLighting":true,"audioPlay":false,"sceneViewState":{"m_AlwaysRefresh":false,"showFog":true,"showSkybox":true,"showFlares":true,"showImageEffects":false,"showParticleSystems":true,"showVisualEffectGraphs":true,"m_FxEnabled":true},"in2DMode":false,"pivot":{"x":35.02665710449219,"y":14.670309066772461,"z":35.22517395019531},"rotation":{"x":-0.2316661924123764,"y":0.04113190993666649,"z":-0.009806284680962563,"w":-0.9718905091285706},"size":2.5635781288146974,"orthographic":false}