{"cameraMode":{"drawMode":0,"name":"Shaded","section":"Shading Mode"},"sceneLighting":false,"audioPlay":false,"sceneViewState":{"m_AlwaysRefresh":false,"showFog":true,"showSkybox":false,"showFlares":true,"showImageEffects":false,"showParticleSystems":true,"showVisualEffectGraphs":true,"m_FxEnabled":true},"in2DMode":false,"pivot":{"x":-9.260639190673829,"y":0.7454484105110169,"z":-0.07505179196596146},"rotation":{"x":-0.13125330209732057,"y":0.7302989959716797,"z":-0.14651992917060853,"w":-0.6542152166366577},"size":3.6598129272460939,"orthographic":false}